Cluster_representative	Protein_in_the_cluster
r10_437_TrROS_Hall.pdb	r10_437_TrROS_Hall.pdb
2KCM.pdb	2KCM.pdb
2HBB.pdb_pross6	2HBB.pdb_pross6
2HBB.pdb_pross6	2HBB.pdb_pross7
2HBB.pdb_pross6	2HBB.pdb_pross9
2HBB.pdb_pross6	2HBB.pdb
2HBB.pdb_pross6	2HBB.pdb_pross4
r10_572_TrROS_Hall.pdb	r10_572_TrROS_Hall.pdb
EHEE_rd1_0459.pdb	EHEE_rd1_0459.pdb
EHEE_rd1_0459.pdb	EHEE_rd2_0152.pdb
EHEE_rd1_0459.pdb	EHEE_rd1_0407.pdb
EHEE_rd1_0459.pdb	EHEE_rd2_0601.pdb
HHH_rd1_0516.pdb	HHH_rd1_0516.pdb
2M8U.pdb	2M8U.pdb
2M8U.pdb	2RRT.pdb
2M8U.pdb	2AMI.pdb
2M8U.pdb	2K2A.pdb
2JVG.pdb	2JVG.pdb
2LXK.pdb	2LXK.pdb
2LXK.pdb	2LXK.pdb_F15S
2LXK.pdb	2LXK.pdb_G4A
2LXK.pdb	1CSQ.pdb_F9S
2LXK.pdb	1CSQ.pdb_F49A
2LXK.pdb	1CSQ.pdb
2LXK.pdb	2I5L.pdb
2LXK.pdb	1MJC.pdb_L43S
2LXK.pdb	v2_2L15.pdb
2LXK.pdb	1MJC.pdb_G17A
2LXK.pdb	1MJC.pdb
2LXK.pdb	2K5N.pdb
2LXK.pdb	2LSS.pdb
2LXK.pdb	2LSS.pdb_F17A
2LXK.pdb	2LSS.pdb_G6S
r11_233_TrROS_Hall.pdb	r11_233_TrROS_Hall.pdb
HHH_rd1_0598.pdb	HHH_rd1_0598.pdb
HHH_rd1_0598.pdb	HHH_rd2_0181.pdb
HHH_rd1_0598.pdb	HHH_rd2_0155.pdb
2L9R.pdb	2L9R.pdb
2LVN.pdb	2LVN.pdb
2LVN.pdb	4G3O.pdb
2MWB.pdb	2MWB.pdb
2MWB.pdb	2MW9.pdb
2MWB.pdb	2MWA.pdb
2MWB.pdb	2N4R.pdb
2MWB.pdb	1E0L.pdb
r11_569_TrROS_Hall.pdb	r11_569_TrROS_Hall.pdb
HHH_rd1_0606.pdb	HHH_rd1_0606.pdb
2O2W.pdb	2O2W.pdb
2MCK.pdb	2MCK.pdb
2MCK.pdb	2MCH.pdb
2JZ2.pdb	2JZ2.pdb
2MKX.pdb_N29S	2MKX.pdb_N29S
2MKX.pdb_N29S	2MKX.pdb_L11A
EEHEE_rd3_1818.pdb	EEHEE_rd3_1818.pdb
EEHEE_rd3_1818.pdb	EEHEE_rd3_1498.pdb
EEHEE_rd3_1818.pdb	EEHEE_rd4_0470.pdb
EEHEE_rd3_1818.pdb	EEHEE_rd3_1716.pdb
EEHEE_rd3_1818.pdb	EEHEE_rd3_0657.pdb
EEHEE_rd3_1818.pdb	EEHEE_rd3_1810.pdb
r11_797_TrROS_Hall.pdb	r11_797_TrROS_Hall.pdb
HHH_rd1_0949.pdb	HHH_rd1_0949.pdb
2JT1.pdb	2JT1.pdb
1IFY.pdb	1IFY.pdb
2M7O.pdb	2M7O.pdb
2M7O.pdb	2M7O.pdb_I21A
r11_829_TrROS_Hall.pdb	r11_829_TrROS_Hall.pdb
1R69.pdb	1R69.pdb
2L2D.pdb	2L2D.pdb
1K1V.pdb	1K1V.pdb
HEEH_KT_rd6_0280.pdb	HEEH_KT_rd6_0280.pdb
1YRF.pdb	1YRF.pdb
1YRF.pdb	1VII.pdb
5LWC.pdb	5LWC.pdb
r11_951_TrROS_Hall.pdb	r11_951_TrROS_Hall.pdb
2JN4.pdb	2JN4.pdb
2L6Q.pdb	2L6Q.pdb
5UYO.pdb	5UYO.pdb
5UYO.pdb	HEEH_rd4_0097.pdb
5UYO.pdb	HEEH_rd4_0349.pdb
2MA4.pdb	2MA4.pdb
1UZC.pdb	1UZC.pdb
2KVT.pdb	2KVT.pdb
v2K43S_2KVV.pdb	v2K43S_2KVV.pdb
r18_3_TrROS_Hall.pdb	r18_3_TrROS_Hall.pdb
5GU9.pdb	5GU9.pdb
5GU9.pdb	5GU9.pdb_L66K
5GU9.pdb	5GU9.pdb_V60D
5KPH.pdb	5KPH.pdb
r12_757_TrROS_Hall.pdb	r12_757_TrROS_Hall.pdb
r4_43_TrROS_Hall.pdb	r4_43_TrROS_Hall.pdb
2PFU.pdb	2PFU.pdb
HEEH_KT_rd6_0746.pdb	HEEH_KT_rd6_0746.pdb
1WCL.pdb	1WCL.pdb
2JWT.pdb	2JWT.pdb
2JWT.pdb	6FVC.pdb
2JWT.pdb	1ENH.pdb
2JWT.pdb	2M0C.pdb
2JWT.pdb	5Z2S.pdb
2JWT.pdb	2L7F.pdb
2JWT.pdb	2L7M.pdb
r16_88_TrROS_Hall.pdb	r16_88_TrROS_Hall.pdb
HEEH_KT_rd6_0790.pdb	HEEH_KT_rd6_0790.pdb
2MC5.pdb	2MC5.pdb
2KGT.pdb	2KGT.pdb
2KGT.pdb	1S1N.pdb_V29A
2KGT.pdb	1S1N.pdb_F11S
2KGT.pdb	1S1N.pdb
2KGT.pdb	6IPY.pdb
2KGT.pdb	2L2P.pdb
2KGT.pdb	1A0N.pdb_L7S
2KGT.pdb	1A0N.pdb_V55A
2KGT.pdb	3CQT.pdb
2KGT.pdb	2LP5.pdb
2KGT.pdb	1A0N.pdb
2KGT.pdb	5ECA.pdb_P51S
2KGT.pdb	1SRM.pdb
2KGT.pdb	5ECA.pdb
2KGT.pdb	5ECA.pdb_W37A
2KGT.pdb	1ZLM.pdb
2KGT.pdb	4HCK.pdb
2KGT.pdb	6NMW.pdb
2KGT.pdb	1H92.pdb
2KGT.pdb	1Y0M.pdb
2KGT.pdb	1GL5.pdb
2KGT.pdb	1QLY.pdb
2KGT.pdb	3I35.pdb
5OAO.pdb	5OAO.pdb
v2_2LXE.pdb	v2_2LXE.pdb
1W4F.pdb	1W4F.pdb
1W4F.pdb	1W4G.pdb
HEEH_KT_rd6_0872.pdb	HEEH_KT_rd6_0872.pdb
XX|run3_1384_0005.pdb	XX|run3_1384_0005.pdb
XX|run3_1384_0005.pdb	GG|run4_0467_0002.pdb
XX|run3_1384_0005.pdb	GG|run2_0085_0001.pdb
XX|run3_1384_0005.pdb	XX|run6_1020_0004.pdb
XX|run3_1384_0005.pdb	EA|run3_1140_0005.pdb
HEEH_KT_rd6_1415.pdb	HEEH_KT_rd6_1415.pdb
2KFV.pdb	2KFV.pdb
1A32.pdb	1A32.pdb
1YP5.pdb	1YP5.pdb
1YP5.pdb	2BTT.pdb
v2_2M5A.pdb	v2_2M5A.pdb
v2_2M5A.pdb	1LP1.pdb
v2_2M5A.pdb	2B88.pdb
v2_2M5A.pdb	2B89.pdb
v2_2M5A.pdb	6SOW.pdb
v2_2M5A.pdb	2KZI.pdb_pross1
v2_2M5A.pdb	2KZJ.pdb
v2_2M5A.pdb	2B88.pdb_pross1
v2_2M5A.pdb	2B88.pdb_pross4
HEEH_KT_rd6_3546.pdb	HEEH_KT_rd6_3546.pdb
XX|run5_0690_0002.pdb	XX|run5_0690_0002.pdb
HEEH_KT_rd6_3632.pdb	HEEH_KT_rd6_3632.pdb
2JTV.pdb	2JTV.pdb
v2R31S|R32S_2N5D.pdb	v2R31S|R32S_2N5D.pdb
HHH_rd4_0557.pdb	HHH_rd4_0557.pdb
HHH_rd4_0557.pdb	HHH_rd4_0395.pdb
HHH_rd4_0557.pdb	HHH_rd4_0124.pdb
HHH_rd4_0557.pdb	HHH_rd4_0613.pdb
HEEH_rd3_0055.pdb	HEEH_rd3_0055.pdb
HEEH_rd3_0055.pdb	HEEH_KT_rd6_0007.pdb
HEEH_rd3_0055.pdb	HEEH_rd3_0223.pdb
EEHEE_rd4_0371.pdb	EEHEE_rd4_0371.pdb
EEHEE_rd4_0371.pdb	EEHEE_rd3_0809.pdb
EEHEE_rd4_0371.pdb	EEHEE_rd4_0481.pdb
EEHEE_rd4_0371.pdb	EEHEE_rd4_0005.pdb
EEHEE_rd4_0371.pdb	EEHEE_rd4_0363.pdb
EEHEE_rd4_0371.pdb	EEHEE_rd4_0763.pdb
EEHEE_rd4_0371.pdb	EEHEE_rd3_0019.pdb
EEHEE_rd4_0371.pdb	EEHEE_rd4_0794.pdb
EEHEE_rd4_0371.pdb	EEHEE_rd4_0003.pdb
EEHEE_rd4_0371.pdb	EEHEE_rd4_0308.pdb
EEHEE_rd4_0371.pdb	EEHEE_rd4_0784.pdb
EEHEE_rd4_0371.pdb	EHEE_rd2_0487.pdb
EEHEE_rd4_0371.pdb	EEHEE_rd3_0130.pdb
EEHEE_rd4_0371.pdb	EEHEE_rd3_0602.pdb
EEHEE_rd4_0371.pdb	EEHEE_rd3_1049.pdb
EEHEE_rd4_0371.pdb	EEHEE_rd3_0094.pdb
EEHEE_rd4_0371.pdb	EEHEE_rd3_1615.pdb
EEHEE_rd4_0371.pdb	EEHEE_rd4_0469.pdb
EEHEE_rd4_0371.pdb	EEHEE_rd4_0647.pdb
EEHEE_rd4_0371.pdb	EEHEE_rd4_0256.pdb
EEHEE_rd4_0371.pdb	EEHEE_rd3_1587.pdb
EEHEE_rd4_0371.pdb	EEHEE_rd3_1702.pdb
EEHEE_rd4_0371.pdb	EEHEE_rd3_0146.pdb
3L1X.pdb	3L1X.pdb
7JJK.pdb	7JJK.pdb
2K1B.pdb	2K1B.pdb
2K1B.pdb	2K28.pdb
v2_4UZX.pdb	v2_4UZX.pdb
2MXD.pdb	2MXD.pdb
2QFF.pdb	2QFF.pdb
2KVS.pdb	2KVS.pdb
2MH8.pdb	2MH8.pdb
2D1U.pdb	2D1U.pdb
5JRT.pdb	5JRT.pdb
1AOY.pdb	1AOY.pdb
2LHC.pdb	2LHC.pdb
2LHC.pdb	2JWS.pdb
2LHC.pdb	1GJS.pdb
2LHC.pdb	1GB4.pdb_F53D
2LHC.pdb	1GB4.pdb_A27K
2LHC.pdb	1PGX.pdb_A27S
2LHC.pdb	1PGA.pdb_L5A
2LHC.pdb	1PGA.pdb_L7S
2LHC.pdb	1PGA.pdb_T51A
2LHC.pdb	1PGA.pdb_V39S
2LHC.pdb	5UCE.pdb
2LHC.pdb	1PGX.pdb_G42A
2LHC.pdb	2ZW1.pdb_V55S
2LHC.pdb	2ZW1.pdb_Y34A
2LHC.pdb	1PGA.pdb_pross9
2LHC.pdb	1PGX.pdb
2LHC.pdb	1EM7.pdb
2LHC.pdb	2N9L.pdb
2LHC.pdb	2LUM.pdb
2LHC.pdb	1IGD.pdb
2LHC.pdb	1EM7.pdb_L7A
2LHC.pdb	1PGA.pdb
2LHC.pdb	1EM7.pdb_V54S
2LHC.pdb	6NJF.pdb
2LHC.pdb	5UB0.pdb
2LHC.pdb	5UBS.pdb
EHEE_rd4_0195.pdb	EHEE_rd4_0195.pdb
EHEE_rd4_0195.pdb	EHEE_rd2_1106.pdb
EHEE_rd4_0195.pdb	EHEE_rd4_0625.pdb
EHEE_rd4_0195.pdb	EHEE_rd4_0463.pdb
EHEE_rd4_0195.pdb	EHEE_rd4_0877.pdb
EHEE_rd4_0195.pdb	EHEE_rd3_0035.pdb
EHEE_rd4_0195.pdb	EHEE_rd4_0394.pdb
EHEE_rd4_0195.pdb	EHEE_rd4_0840.pdb
EHEE_rd4_0195.pdb	EHEE_rd4_0098.pdb
EHEE_rd4_0195.pdb	EHEE_rd4_0726.pdb
EHEE_rd4_0195.pdb	EHEE_rd4_0044.pdb
EHEE_rd4_0195.pdb	EHEE_rd4_0086.pdb
EHEE_rd4_0195.pdb	EHEE_rd4_0172.pdb
1UFM.pdb	1UFM.pdb
2K5P.pdb	2K5P.pdb
1I2T.pdb	1I2T.pdb
2KWH.pdb	2KWH.pdb
2WNM.pdb	2WNM.pdb
2YSF.pdb	2YSF.pdb
2YSF.pdb	2OP7.pdb
2YSF.pdb	1WR4.pdb
2YSF.pdb	2M9E.pdb
2YSF.pdb	2M9I.pdb
2YSF.pdb	2M9F.pdb
2YSF.pdb	2KCF.pdb
2YSF.pdb	1I6C.pdb
1YEZ.pdb_V46S	1YEZ.pdb_V46S
2PTL.pdb	2PTL.pdb
2PTL.pdb	2PTL.pdb_I58A
2PTL.pdb	2PTL.pdb_L38S
EHEE_rd4_0325.pdb	EHEE_rd4_0325.pdb
EHEE_rd4_0325.pdb	EHEE_rd4_0502.pdb
EHEE_rd4_0325.pdb	EHEE_rd4_0864.pdb
3DKM.pdb	3DKM.pdb
2M2L.pdb	2M2L.pdb
1OPS.pdb	1OPS.pdb
1OPS.pdb	5XR0.pdb_T53S
1OPS.pdb	5XR0.pdb
1OPS.pdb	1OPS.pdb_T53S
1OPS.pdb	1OPS.pdb_V44A
1OPS.pdb	1EKL.pdb
1OPS.pdb	1UCS.pdb
1OPS.pdb	3QF6.pdb
1OPS.pdb	4AME.pdb
1OPS.pdb	2MSJ.pdb
1OPS.pdb	4UR4.pdb
1OPS.pdb	2AME.pdb
1OPS.pdb	3AME.pdb
1OPS.pdb	1UCS.pdb_M59K
1OPS.pdb	6MSI.pdb
1OPS.pdb	1MSJ.pdb
1OPS.pdb	1B7J.pdb
1OPS.pdb	9AME.pdb
1OPS.pdb	7MSI.pdb
1OPS.pdb	8MSI.pdb
1OPS.pdb	6AME.pdb
1OPS.pdb	8AME.pdb
1OPS.pdb	2LX2.pdb
1OPS.pdb	2LX2.pdb_I32A
r10_490_TrROS_Hall.pdb	r10_490_TrROS_Hall.pdb
2LYP.pdb	2LYP.pdb
2LYP.pdb	2LYP.pdb_V26S
2LYP.pdb	2LYR.pdb
2LYP.pdb	2LYQ.pdb
2LYP.pdb	2LYP.pdb_P41A
1O6X.pdb	1O6X.pdb
1TG0.pdb	1TG0.pdb
2K5H.pdb	2K5H.pdb
2K5H.pdb	2K5H.pdb_G11S
2K5H.pdb	2K5H.pdb_G23A
6OBK.pdb	6OBK.pdb
1SF0.pdb	1SF0.pdb
1SF0.pdb	1SF0.pdb_V59K
2LC2.pdb	2LC2.pdb
2LC2.pdb	v2_2LC2.pdb
2LC2.pdb	3ZGK.pdb
2MYX.pdb	2MYX.pdb
6NS8.pdb_L8K	6NS8.pdb_L8K
EA|run7_1025_0001.pdb	EA|run7_1025_0001.pdb
EA|run7_1025_0001.pdb	GG|run6_0851_0003.pdb
EA|run7_1025_0001.pdb	GG|run1_1390_0006.pdb
EA|run7_1025_0001.pdb	GG|run5_1147_0004.pdb
EA|run7_1025_0001.pdb	EA|run3_0321_0005.pdb
EA|run7_1025_0001.pdb	GG|run6_0775_0006.pdb
EA|run7_1025_0001.pdb	GG|run4_0284_0002.pdb
EA|run7_1025_0001.pdb	XX|run6_1081_0004.pdb
1IGV.pdb	1IGV.pdb
XX|run10_1081_0004.pdb	XX|run10_1081_0004.pdb
XX|run10_1081_0004.pdb	EA|run7_1572_0002.pdb
XX|run10_1081_0004.pdb	GG|run5_0637_0006.pdb
XX|run10_1081_0004.pdb	GG|run5_1309_0004.pdb
XX|run10_1081_0004.pdb	EA|run6_0680_0006.pdb
XX|run10_1081_0004.pdb	XX|run1_0254_0003.pdb
XX|run10_1081_0004.pdb	GG|run3_1365_0003.pdb
XX|run10_1081_0004.pdb	GG|run6_1310_0004.pdb
XX|run10_1081_0004.pdb	EA|run2_0325_0005.pdb
XX|run10_1081_0004.pdb	XX|run5_1034_0004.pdb
XX|run10_1081_0004.pdb	EA|run2_0290_0001.pdb
XX|run10_1081_0004.pdb	GG|run3_1315_0003.pdb
XX|run10_1081_0004.pdb	XX|run1_0455_0002.pdb
XX|run10_1081_0004.pdb	EA|run5_0050_0004.pdb
EEHEE_rd3_1367.pdb	EEHEE_rd3_1367.pdb
2M2J.pdb	2M2J.pdb
6M3N.pdb	6M3N.pdb
2L09.pdb	2L09.pdb
2L09.pdb	2KRU.pdb
v2_2HDZ.pdb	v2_2HDZ.pdb
2EXD.pdb	2EXD.pdb
r11_1081_TrROS_Hall.pdb	r11_1081_TrROS_Hall.pdb
2K52.pdb	2K52.pdb
2K52.pdb	2K52.pdb_F21S
2K52.pdb	2K52.pdb_L42A
1PV0.pdb	1PV0.pdb
HEEH_KT_rd6_0793.pdb	HEEH_KT_rd6_0793.pdb
2K9D.pdb	2K9D.pdb
2K9D.pdb	5LXJ.pdb
r15_550_TrROS_Hall.pdb	r15_550_TrROS_Hall.pdb
2M0Y.pdb	2M0Y.pdb
1TUD.pdb	1TUD.pdb
2WQG.pdb	2WQG.pdb
2WQG.pdb	4UZW.pdb
2ROT.pdb_F60A	2ROT.pdb_F60A
2ROT.pdb_F60A	2CDT.pdb
2ROT.pdb_F60A	1BK2.pdb
2ROT.pdb_F60A	2ROT.pdb_W41S
2ROT.pdb_F60A	6RO9.pdb
2ROT.pdb_F60A	5FW9.pdb
2ROT.pdb_F60A	2LJ3.pdb
2ROT.pdb_F60A	2ROT.pdb
2ROT.pdb_F60A	2KR3.pdb
2ROT.pdb_F60A	5FWB.pdb_M24A
2ROT.pdb_F60A	5FWB.pdb
2ROT.pdb_F60A	1BK2.pdb_F47A
2ROT.pdb_F60A	1BK2.pdb_L5S
2ROT.pdb_F60A	1PWT.pdb
2ROT.pdb_F60A	1H8K.pdb
2ROT.pdb_F60A	1H8K.pdb_R44S
2ROT.pdb_F60A	1H8K.pdb_W36A
2ROT.pdb_F60A	1QKX.pdb
2ROT.pdb_F60A	3NGP.pdb
2ROT.pdb_F60A	6SCW.pdb
2ROT.pdb_F60A	5FWB.pdb_A10S
2ROT.pdb_F60A	1E6H.pdb
HHH_rd1_0142.pdb	HHH_rd1_0142.pdb
3V1A.pdb	3V1A.pdb
r3_162_TrROS_Hall.pdb	r3_162_TrROS_Hall.pdb
HHH_rd4_0676.pdb	HHH_rd4_0676.pdb
6ACV.pdb	6ACV.pdb
2LHR.pdb	2LHR.pdb
2RRU.pdb	2RRU.pdb
HHH_rd1_0493.pdb	HHH_rd1_0493.pdb
HHH_rd1_0493.pdb	HHH_rd1_0473.pdb
5ZD0.pdb	5ZD0.pdb
5ZD0.pdb	1SIF.pdb_F13S
5ZD0.pdb	1UBQ.pdb_pross7
5ZD0.pdb	1SIF.pdb_L3A
5ZD0.pdb	2M0X.pdb
5ZD0.pdb	1UBQ.pdb_I3A
5ZD0.pdb	1SIF.pdb
5ZD0.pdb	1UBQ.pdb_L15S
5ZD0.pdb	2MSG.pdb
5ZD0.pdb	1UBQ.pdb_L43A
5ZD0.pdb	v2_5XK5.pdb
5ZD0.pdb	1UBQ.pdb_L67S
5ZD0.pdb	1UBQ.pdb
5ZD0.pdb	6XQC.pdb
5ZD0.pdb	v2_1OGW.pdb
5ZD0.pdb	2MLB.pdb_L43D
r4_412_TrROS_Hall.pdb	r4_412_TrROS_Hall.pdb
HHH_rd4_0816.pdb	HHH_rd4_0816.pdb
1F0M.pdb	1F0M.pdb
1GYZ.pdb	1GYZ.pdb
2MI6.pdb	2MI6.pdb
2JVD.pdb	2JVD.pdb
2GP8.pdb	2GP8.pdb
HHH_rd1_0578.pdb	HHH_rd1_0578.pdb
r6_560_TrROS_Hall.pdb	r6_560_TrROS_Hall.pdb
HHH_rd4_0870.pdb	HHH_rd4_0870.pdb
2LO1.pdb	2LO1.pdb
2LO1.pdb	2OCH.pdb
2LO1.pdb	2M6Y.pdb
2LO1.pdb	6IWS.pdb
2LO1.pdb	2LGW.pdb
1JIC.pdb	1JIC.pdb
1JIC.pdb	1BNZ.pdb_Y34W
1JIC.pdb	1BNZ.pdb
2KXD.pdb	2KXD.pdb
2KXD.pdb	1TUC.pdb
r6_831_TrROS_Hall.pdb	r6_831_TrROS_Hall.pdb
2MKY.pdb	2MKY.pdb
2M8E.pdb	2M8E.pdb
2M8J.pdb	2M8J.pdb
2M8J.pdb	2M8I.pdb
1URF.pdb	1URF.pdb
r7_587_TrROS_Hall.pdb	r7_587_TrROS_Hall.pdb
1V1C.pdb	1V1C.pdb
2CJJ.pdb	2CJJ.pdb
6YSE.pdb	6YSE.pdb
2L33.pdb	2L33.pdb
2LCL.pdb	2LCL.pdb
5AHT.pdb	5AHT.pdb
5AHT.pdb	2YSB.pdb
HEEH_rd4_0094.pdb	HEEH_rd4_0094.pdb
7BPM.pdb	7BPM.pdb
1ORC.pdb	1ORC.pdb
2N88.pdb	2N88.pdb
v2_2LDM.pdb	v2_2LDM.pdb
2KYB.pdb	2KYB.pdb
2KYB.pdb	2KT8.pdb_G54S
2KYB.pdb	2KT8.pdb_V15A
2KYB.pdb	2KYB.pdb_G2S
2KYB.pdb	2KYB.pdb_K55A
2KYB.pdb	2KT8.pdb
2KYB.pdb	2KRS.pdb
2KYB.pdb	2KRS.pdb_W42A
2KYB.pdb	2KRS.pdb_Y53S
1ZHC.pdb	1ZHC.pdb
5VNT.pdb	5VNT.pdb
5VNT.pdb	3MYC.pdb
5VNT.pdb	1YU5.pdb
5VNT.pdb	2RJV.pdb
5VNT.pdb	v2R14S|R16S_2L3X.pdb
v2_6IVS.pdb	v2_6IVS.pdb
XX|run8_1203_0001.pdb	XX|run8_1203_0001.pdb
XX|run8_0733_0006.pdb	XX|run8_0733_0006.pdb
XX|run8_0733_0006.pdb	XX|run1_0367_0004.pdb
2RU9.pdb	2RU9.pdb
2LQK.pdb	2LQK.pdb
r14_263_TrROS_Hall.pdb	r14_263_TrROS_Hall.pdb
XX|run8_1063_0003.pdb	XX|run8_1063_0003.pdb
XX|run8_1063_0003.pdb	EA|run6_1429_0006.pdb
XX|run8_1063_0003.pdb	XX|run1_0461_0006.pdb
XX|run8_1063_0003.pdb	XX|run7_0974_0003.pdb
XX|run8_1063_0003.pdb	GG|run4_1050_0002.pdb
XX|run8_1063_0003.pdb	XX|run8_1098_0003.pdb
XX|run8_1063_0003.pdb	EA|run3_0525_0006.pdb
HHH_rd1_0244.pdb	HHH_rd1_0244.pdb
1PSE.pdb	1PSE.pdb
1PSE.pdb	1QP2.pdb
4C26.pdb	4C26.pdb
6EWS.pdb	6EWS.pdb
6EWS.pdb	6EWT.pdb
6EWS.pdb	6EWU.pdb
2BTH.pdb	2BTH.pdb
2BTH.pdb	2WXC.pdb
2BTH.pdb	1W4H.pdb
EHEE_rd1_0101.pdb	EHEE_rd1_0101.pdb
EHEE_rd1_0101.pdb	EHEE_rd2_0196.pdb
EHEE_rd1_0101.pdb	EHEE_rd2_0751.pdb
EHEE_rd1_0101.pdb	EHEE_rd2_0191.pdb
EHEE_rd1_0101.pdb	EHEE_rd3_0053.pdb
EHEE_rd1_0101.pdb	EHEE_rd2_1257.pdb
EHEE_rd1_0101.pdb	EHEE_rd2_0372.pdb
EHEE_rd1_0101.pdb	5UP5.pdb
HHH_rd1_0335.pdb	HHH_rd1_0335.pdb
1QKH.pdb	1QKH.pdb
